id,prompt,essay,evaluation,band
1579,"Some people believe that studying at university or college is the best route to a  successful career, while others believe that it is better to get a job straight after school.  Discuss both views and give your opinion.",#NAME?,"## Task Achievement:
The essay adequately addresses the given task by discussing both views on whether university or college education is the best route to a successful career versus getting a job straight after school. The candidate presents relevant ideas and provides some supporting arguments for each perspective. However, there is a lack of depth and critical analysis in the discussion, and not all aspects of the task are fully covered.
- Suggested Band Score: 3.5

## Coherence and Cohesion:
The essay lacks clarity and fluidity in transitions between sentences and paragraphs. There is a lack of connecting words and phrases to maintain a smooth progression of ideas. The organization and structural integrity of the text could be improved for better coherence.
- Suggested Band Score: 3.0

## Lexical Resource (Vocabulary):
The essay demonstrates a limited range of vocabulary. Some words are used inaccurately or overused, such as ""successful"" and ""important."" The vocabulary used is generally appropriate for the context, but there is room for improvement in terms of accuracy and variety.
- Suggested Band Score: 3.0

## Grammatical Range and Accuracy:
The essay exhibits a limited variety of sentence structures, relying heavily on simple and compound sentences. There are grammatical errors throughout the essay, including incorrect verb forms and sentence construction. Punctuation and sentence formation also need improvement.
- Suggested Band Score: 2.5

## Overall Band Score:
Considering the holistic performance across all criteria, the overall band score for the essay is 3.0. The essay partially meets the task requirements but lacks depth, coherence, and accuracy in vocabulary and grammar.
- Suggested Overall Band Score: 3.0

## Feedback and Additional Comments:
- **Strengths:**
  - The essay attempts to address both perspectives of the task.
- **Areas for Improvement:**
  - Develop more critical and analytical arguments for each view.
  - Improve transitions and coherence between sentences and paragraphs.
  - Expand vocabulary range and accuracy, focusing on precise and varied word choice.
  - Enhance grammatical accuracy and sentence structure by utilizing a wider range of sentence types.

- **Suggestions for Enhancement:**
  - Provide specific examples or evidence to support arguments.
  - Use transition words and phrases to connect ideas smoothly.
  - Consult a dictionary or thesaurus to find more appropriate and nuanced vocabulary.
  - Practice writing complex sentences with correct grammar and punctuation.",4.0
